Family,Genus,CommonName,Species,Species (ITIS),Locomotion,Refs
Cercopithecidae,Allenopithecus,Allen_s_Swamp_Monkey,Allenopithecus_nigroviridis,Allenopithecus_nigroviridis,BOTH,377
Cheirogaleidae,Allocebus,Hairy_eared_Dwarf_Lemur,Allocebus_trichotis,Allocebus_trichotis,AR,1163
Cercopithecidae,Allochrocebus,L_Hoest_s_Monkey,Allochrocebus_lhoesti,Allochrocebus_lhoesti,T,247
Cercopithecidae,Allochrocebus,Preuss_s_Monkey,Allochrocebus_preussi,Allochrocebus_preussi,T,378
Cercopithecidae,Allochrocebus,Sun_tailed_Monkey,Allochrocebus_solatus,Allochrocebus_solatus,BOTH,1174
Atelidae,Alouatta,Ursine_Red_Howler,Alouatta_arctoidea,Alouatta_arctoidea,AR,393
Atelidae,Alouatta,Red_handed_Howler,Alouatta_belzebul,Alouatta_belzebul,AR,158
Atelidae,Alouatta,Paraguayan_Howler,Alouatta_caraya,Alouatta_caraya,AR,386
Atelidae,Alouatta,Spix_s_Howler,Alouatta_discolor,Alouatta_discolor,AR,30
Atelidae,Alouatta,Brown_Howler,Alouatta_guariba,Alouatta_guariba,AR,392
Atelidae,Alouatta,Guianan_Red_Howler,Alouatta_macconnelli,Alouatta_macconnelli,AR,394
Atelidae,Alouatta,Amazon_Black_Howler,Alouatta_nigerrima,Alouatta_nigerrima,AR,392
Atelidae,Alouatta,Mantled_Howler,Alouatta_palliata,Alouatta_palliata,AR,392
Atelidae,Alouatta,Central_American_Black_Howler,Alouatta_pigra,Alouatta_pigra,AR,400
Atelidae,Alouatta,Bolivian_Red_Howler,Alouatta_sara,Alouatta_sara,AR,402
Atelidae,Alouatta,Colombian_Red_Howler,Alouatta_seniculus,Alouatta_seniculus,AR,405
Atelidae,Alouatta,Maranhão_Red_handed_Howler,Alouatta_ululata,Alouatta_ululata,AR,78
Aotidae,Aotus,Azara_s_Night_Monkey,Aotus_azarae,Aotus_azarae,AR,409
Aotidae,Aotus,Brumback_s_Night_Monkey,Aotus_brumbacki,Aotus_brumbacki,AR,411
Aotidae,Aotus,Gray_legged_Night_Monkey,Aotus_griseimembra,Aotus_griseimembra,AR,407
Aotidae,Aotus,Hernández_Camacho_s_Night_Monkey,Aotus_jorgehernandezi,Aotus_jorgehernandezi,AR,412
Aotidae,Aotus,Lemurine_Night_Monkey,Aotus_lemurinus,Aotus_lemurinus,AR,407
Aotidae,Aotus,Andean_Night_Monkey,Aotus_miconax,Aotus_miconax,AR,413
Aotidae,Aotus,Ma_s_Night_Monkey,Aotus_nancymaae,Aotus_nancymaae,AR,415
Aotidae,Aotus,Black_headed_Night_Monkey,Aotus_nigriceps,Aotus_nigriceps,AR,10
Aotidae,Aotus,Humboldt_s_Night_Monkey,Aotus_trivirgatus,Aotus_trivirgatus,AR,417
Aotidae,Aotus,Spix_s_Night_Monkey,Aotus_vociferans,Aotus_vociferans,AR,419
Aotidae,Aotus,Panamanian_Night_Monkey,Aotus_zonalis,Aotus_zonalis,AR,420
Lorisidae,Arctocebus,Golden_Angwantibo,Arctocebus_aureus,Arctocebus_aureus,AR,1174
Lorisidae,Arctocebus,Calabar_Angwantibo,Arctocebus_calabarensis,Arctocebus_calabarensis,AR,423
Atelidae,Ateles,White_bellied_Spider_Monkey,Ateles_belzebuth,Ateles_belzebuth,AR,426
Atelidae,Ateles,Black_Spider_Monkey,Ateles_chamek,Ateles_chamek,AR,429
Atelidae,Ateles,Brown_headed_Spider_Monkey,Ateles_fusciceps,Ateles_fusciceps,AR,158
Atelidae,Ateles,Central_American_Spider_Monkey,Ateles_geoffroyi,Ateles_geoffroyi,AR,436
Atelidae,Ateles,Variegated_Spider_Monkey,Ateles_hybridus,Ateles_hybridus,AR,434
Atelidae,Ateles,White_whiskered_Spider_Monkey,Ateles_marginatus,Ateles_marginatus,AR,437
Atelidae,Ateles,Red_faced_Black_Spider_Monkey,Ateles_paniscus,Ateles_paniscus,AR,158
Indriidae,Avahi,Betsileo_Woolly_Lemur,Avahi_betsileo,Avahi_betsileo,AR,439
Indriidae,Avahi,Bemaraha_Woolly_Lemur,Avahi_cleesei,Avahi_cleesei,AR,440
Indriidae,Avahi,Eastern_Woolly_Lemur,Avahi_laniger,Avahi_laniger,AR,441
Indriidae,Avahi,Southern_Woolly_Lemur,Avahi_meridionalis,Avahi_meridionalis,AR,443
Indriidae,Avahi,Masoala_Woolly_Lemur,Avahi_mooreorum,Avahi_mooreorum,AR,1175
Indriidae,Avahi,Western_Woolly_Lemur,Avahi_occidentalis,Avahi_occidentalis,AR,446
Indriidae,Avahi,Peyrieras_s_Woolly_Lemur,Avahi_peyrierasi,Avahi_peyrierasi,AR,449
Indriidae,Avahi,Manombo_Woolly_Lemur,Avahi_ramanantsoavanai,Avahi_ramanantsoavanai,AR,338
Indriidae,Avahi,Sambirano_Woolly_Lemur,Avahi_unicolor,Avahi_unicolor,AR,439
Atelidae,Brachyteles,Southern_Muriqui,Brachyteles_arachnoides,Brachyteles_arachnoides,AR,455
Atelidae,Brachyteles,Northern_Muriqui,Brachyteles_hypoxanthus,Brachyteles_hypoxanthus,AR,455
Pitheciidae,Cacajao,Ayres_Black_Uakari,NA,Cacajao_ayresi,NA,NA
Pitheciidae,Cacajao,Bald_Uacari,Cacajao_calvus,Cacajao_calvus,AR,457
Pitheciidae,Cacajao,Black_headed_Uacari,NA,Cacajao_hosomi,NA,NA
Pitheciidae,Cacajao,Black_headed_Uacari,Cacajao_melanocephalus,Cacajao_melanocephalus,AR,459
Pitheciidae,Cacajao,Spix_s_Black_headed_Uacari,Cacajao_ouakary,NA,AR,406
Callitrichidae,Callibella,Black_crowned_Dwarf_Marmoset,Callibella_humilis,NA,AR,808
Pitheciidae,Callicebus,Blond_Titi,Callicebus_barbarabrownae,Callicebus_barbarabrownae,AR,461
Pitheciidae,Callicebus,Coimbra_Filho_s_Titi,Callicebus_coimbrai,Callicebus_coimbrai,AR,464
Pitheciidae,Callicebus,Southern_Bahian_Titi,Callicebus_melanochir,Callicebus_melanochir,AR,23
Pitheciidae,Callicebus,Black_fronted_Titi,Callicebus_nigrifrons,Callicebus_nigrifrons,AR,466
Pitheciidae,Callicebus,Masked_Titi,Callicebus_personatus,Callicebus_personatus,AR,467
Callitrichidae,Callimico,Goeldi_s_Monkey*,Callimico_goeldii,Callimico_goeldii,AR,471
Callitrichidae,Callithrix,Buffy_tufted_ear_Marmoset,Callithrix_aurita,Callithrix_aurita,AR,472
Callitrichidae,Callithrix,Buffy_headed_Marmoset,Callithrix_flaviceps,Callithrix_flaviceps,AR,478
Callitrichidae,Callithrix,Geoffroy_s_Tufted_ear_Marmoset,Callithrix_geoffroyi,Callithrix_geoffroyi,AR,481
Callitrichidae,Callithrix,Common_Marmoset,Callithrix_jacchus,Callithrix_jacchus,AR,485
Callitrichidae,Callithrix,Wied_s_Black_tufted_ear_Marmoset,Callithrix_kuhlii,Callithrix_kuhlii,AR,485
Callitrichidae,Callithrix,Black_tufted_ear_Marmoset,Callithrix_penicillata,Callithrix_penicillata,AR,485
Tarsiidae,Carlito,Philippine_Tarsier,Carlito_syrichta,Carlito_syrichta,AR,1148
Callitrichidae,Cebuella,Eastern_Pygmy_Marmoset,NA,Cebuella_niveiventris,NA,NA
Callitrichidae,Cebuella,Pygmy_Marmoset,Cebuella_pygmaea,Cebuella_pygmaea,AR,291
Cebidae,Cebus,Ecuadorian_White_fronted_Capuchin,Cebus_aequatorialis,Cebus_aequatorialis,AR,489
Cebidae,Cebus,Humboldt_s_White_fronted_Capuchin,Cebus_albifrons,Cebus_albifrons,BOTH,496
Cebidae,Cebus,Venezuelan_Brown_Capuchin,Cebus_brunneus,Cebus_brunneus,AR,501
Cebidae,Cebus,Colombian_White_faced_Capuchin,Cebus_capucinus,Cebus_capucinus,AR,502
Cebidae,Cebus,Río_Cesar_White_fronted_Capuchin,Cebus_cesarae,Cebus_cesarae,AR,502
Cebidae,Cebus,Shock_headed_Capuchin,Cebus_cuscinus,Cebus_cuscinus,AR,504
Cebidae,Cebus,Panamanian_White_faced_Capuchin,Cebus_imitator,Cebus_imitator,AR,506
Cebidae,Cebus,Ka_apor_Capuchin,Cebus_kaapori,Cebus_kaapori,AR,509
Cebidae,Cebus,Sierra_de_Perijá_White_fronted_Capuchin,Cebus_leucocephalus,Cebus_leucocephalus,AR,499
Cebidae,Cebus,Santa_Marta_White_fronted_Capuchin,Cebus_malitiosus,Cebus_malitiosus,AR,505
Cebidae,Cebus,Guianan_Weeper_Capuchin,Cebus_olivaceus,Cebus_olivaceus,AR,514
Cebidae,Cebus,Spix_s_White_fronted_Capuchin,Cebus_unicolor,Cebus_unicolor,AR,516
Cebidae,Cebus,Varied_White_fronted_Capuchin,Cebus_versicolor,Cebus_versicolor,AR,505
Cebidae,Cebus,Marañón_White_fronted_Capuchin,Cebus_yuracus,Cebus_yuracus,AR,504
Tarsiidae,Cephalopachus,Western_Tarsier,Cephalopachus_bancanus,Cephalopachus_bancanus,AR,1148
Cercopithecidae,Cercocebus,Agile_Mangabey,Cercocebus_agilis,Cercocebus_agilis,BOTH,520
Cercopithecidae,Cercocebus,Sooty_Mangabey,Cercocebus_atys,Cercocebus_atys,T,524
Cercopithecidae,Cercocebus,Golden_bellied_Mangabey,Cercocebus_chrysogaster,Cercocebus_chrysogaster,T,246
Cercopithecidae,Cercocebus,Tana_River_Mangabey,Cercocebus_galeritus,Cercocebus_galeritus,BOTH,527
Cercopithecidae,Cercocebus,White_naped_Mangabey,Cercocebus_lunulatus,Cercocebus_lunulatus,T,517
Cercopithecidae,Cercocebus,Sanje_River_Mangabey,Cercocebus_sanjei,Cercocebus_sanjei,BOTH,529
Cercopithecidae,Cercocebus,Red_capped_Mangabey,Cercocebus_torquatus,Cercocebus_torquatus,BOTH,531
Cercopithecidae,Cercopithecus,Syke_s_Monkey,Cercopithecus_albogularis,NA,AR,518
Cercopithecidae,Cercopithecus,Red_tailed_Monkey,Cercopithecus_ascanius,Cercopithecus_ascanius,AR,534
Cercopithecidae,Cercopithecus,Campbell_s_Monkey,Cercopithecus_campbelli,Cercopithecus_campbelli,AR,534
Cercopithecidae,Cercopithecus,Moustached_Monkey,Cercopithecus_cephus,Cercopithecus_cephus,AR,246
Cercopithecidae,Cercopithecus,Dent_s_Monkey,Cercopithecus_denti,Cercopithecus_denti,AR,538
Cercopithecidae,Cercopithecus,Diana_Monkey,Cercopithecus_diana,Cercopithecus_diana,AR,542
Cercopithecidae,Cercopithecus,Silver_Monkey,Cercopithecus_doggetti,NA,AR,543
Cercopithecidae,Cercopithecus,Dryas_Monkey,Cercopithecus_dryas,Cercopithecus_dryas,BOTH,545
Cercopithecidae,Cercopithecus,Red_bellied_Monkey,Cercopithecus_erythrogaster,Cercopithecus_erythrogaster,AR,519
Cercopithecidae,Cercopithecus,Red_eared_Monkey,Cercopithecus_erythrotis,Cercopithecus_erythrotis,AR,500
Cercopithecidae,Cercopithecus,Owl_faced_Monkey,Cercopithecus_hamlyni,Cercopithecus_hamlyni,BOTH,552
Cercopithecidae,Cercopithecus,Virungas_Golden_Monkey,Cercopithecus_kandti,nA,AR,518
Cercopithecidae,Cercopithecus,Lesula,Cercopithecus_lomamiensis,Cercopithecus_lomamiensis,BOTH,519
Cercopithecidae,Cercopithecus,Lowe_s_Monkey,Cercopithecus_lowei,Cercopithecus_lowei,AR,536
Cercopithecidae,Cercopithecus,Blue_Monkey,Cercopithecus_mitis,Cercopithecus_mitis,AR,543
Cercopithecidae,Cercopithecus,Mona_Monkey,Cercopithecus_mona,Cercopithecus_mona,AR,559
Cercopithecidae,Cercopithecus,De_Brazza_s_Monkey,Cercopithecus_neglectus,Cercopithecus_neglectus,BOTH,562
Cercopithecidae,Cercopithecus,Putty_nosed_Monkey,Cercopithecus_nictitans,Cercopithecus_nictitans,AR,563
Cercopithecidae,Cercopithecus,Spot_nosed_Monkey,Cercopithecus_petaurista,Cercopithecus_petaurista,AR,536
Cercopithecidae,Cercopithecus,Crowned_Monkey,Cercopithecus_pogonias,Cercopithecus_pogonias,AR,246
Cercopithecidae,Cercopithecus,Roloway_Monkey,Cercopithecus_roloway,Cercopithecus_roloway,AR,536
Cercopithecidae,Cercopithecus,Sclater_s_Monkey,Cercopithecus_sclateri,Cercopithecus_sclateri,AR,568
Cercopithecidae,Cercopithecus,Wolf_s_Monkey,Cercopithecus_wolfi,Cercopithecus_wolfi,AR,570
Cheirogaleidae,Cheirogaleus,Montagne_d_Ambre_Dwarf_Lemur,Cheirogaleus_andysabini,Cheirogaleus_andysabini,NA,NA
Cheirogaleidae,Cheirogaleus,Crossley_s_Dwarf_Lemur,Cheirogaleus_crossleyi,Cheirogaleus_crossleyi,AR,571
Cheirogaleidae,Cheirogaleus,Lavasoa_Dwarf_lemur,Cheirogaleus_lavasoensis,Cheirogaleus_lavasoensis,NA,NA
Cheirogaleidae,Cheirogaleus,Greater_Dwarf_Lemur,Cheirogaleus_major,Cheirogaleus_major,AR,571
Cheirogaleidae,Cheirogaleus,Fat_tailed_Dwarf_Lemur,Cheirogaleus_medius,Cheirogaleus_medius,AR,571
Cheirogaleidae,Cheirogaleus,Lesser_Iron_gray_Dwarf_Lemur,Cheirogaleus_minusculus,Cheirogaleus_minusculus,AR,571
Cheirogaleidae,Cheirogaleus, Sheth's_Dwarf_Lemur,NA,Cheirogaleus_shethi,NA,NA
Cheirogaleidae,Cheirogaleus,Sibree_s_Dwarf_Lemur,Cheirogaleus_sibreei,Cheirogaleus_sibreei,AR,571
Cheirogaleidae,Cheirogaleus,Thomas_s_Dwarf_Lemur,Cheirogaleus_thomasi,Cheirogaleus_thomasi,NA,NA
Pitheciidae,Cheracebus,Yellow_handed_Titi,Cheracebus_lucifer,Cheracebus_lucifer,AR,148
Pitheciidae,Cheracebus,White_chested_Titi,Cheracebus_lugens,Cheracebus_lugens,AR,148
Pitheciidae,Cheracebus,Medem_s_Titi,Cheracebus_medemi,Cheracebus_medemi,AR,148
Pitheciidae,Cheracebus,Rio_Purus_Titi,Cheracebus_purinus,Cheracebus_purinus,AR,233
Pitheciidae,Cheracebus,Rio_Juruá_Collared_Titi,Cheracebus_regulus,Cheracebus_regulus,AR,461
Pitheciidae,Cheracebus,White_collared_Titi,Cheracebus_torquatus,Cheracebus_torquatus,AR,148
Pitheciidae,Chiropotes,White_nosed_Bearded_Saki,Chiropotes_albinasus,Chiropotes_albinasus,AR,582
Pitheciidae,Chiropotes,Rio_Negro_Beared_Saki,Chiropotes_chiropotes,Chiropotes_chiropotes,AR,583
Pitheciidae,Chiropotes, Brown_backed_Bearded_Saki,NA,Chiropotes_israelita,NA,NA
Pitheciidae,Chiropotes,Guianan_Beared_Saki,Chiropotes_sagulatus,Chiropotes_sagulatus,AR,591
Pitheciidae,Chiropotes,Black_Bearded_Saki,Chiropotes_satanas,Chiropotes_satanas,AR,582
Pitheciidae,Chiropotes,Uta_Hick_s_Bearded_Saki,Chiropotes_utahickae,Chiropotes_utahickae,AR,588
Cercopithecidae,Chlorocebus,Grivet_Monkey,Chlorocebus_aethiops,Chlorocebus_aethiops,T,592
Cercopithecidae,Chlorocebus,Malbrouck_Monkey,Chlorocebus_cynosuros,Chlorocebus_cynosuros,T,594
Cercopithecidae,Chlorocebus,Bale_Monkey,Chlorocebus_djamdjamensis,Chlorocebus_djamdjamensis,BOTH,"595, 596"
Cercopithecidae,Chlorocebus,Vervet_Monkey,Chlorocebus_pygerythrus,Chlorocebus_pygerythrus,T,598
Cercopithecidae,Chlorocebus,Green_Monkey,Chlorocebus_sabaeus,Chlorocebus_sabaeus,T,601
Cercopithecidae,Chlorocebus,Tantalus_Monkey,Chlorocebus_tantalus,Chlorocebus_tantalus,T,603
Cercopithecidae,Colobus,Angolan_Colobus,Colobus_angolensis,Colobus_angolensis,AR,606
Cercopithecidae,Colobus,Guereza,Colobus_guereza,Colobus_guereza,AR,609
Cercopithecidae,Colobus,King_Colobus,Colobus_polykomos,Colobus_polykomos,AR,611
Cercopithecidae,Colobus,Black_Colobus,Colobus_satanas,Colobus_satanas,AR,612
Cercopithecidae,Colobus,White_thighed_Colobus,Colobus_vellerosus,Colobus_vellerosus,AR,614
Daubentoniidae,Daubentonia,Aye_aye,Daubentonia_madagascariensis,Daubentonia_madagascariensis,AR,617
Cercopithecidae,Erythrocebus,Patas_Monkey,Erythrocebus_patas,Erythrocebus_patas,T,620
Cercopithecidae,Erythrocebus,Heuglin's_Patas_Monkey,NA,Erythrocebus_poliophaeus,NA,NA
Lemuridae,Eulemur,White_fronted_Brown_Lemur,Eulemur_albifrons,Eulemur_albifrons,AR,623
Lemuridae,Eulemur,White_collared_Brown_Lemur,Eulemur_cinereiceps,Eulemur_cinereiceps,AR,624
Lemuridae,Eulemur,Red_collared_Brown_Lemur,Eulemur_collaris,Eulemur_collaris,AR,53
Lemuridae,Eulemur,Crowned_Lemur,Eulemur_coronatus,Eulemur_coronatus,AR,627
Lemuridae,Eulemur,Blue_eyed_Black_Lemur,Eulemur_flavifrons,Eulemur_flavifrons,AR,629
Lemuridae,Eulemur,Brown_Lemur,Eulemur_fulvus,Eulemur_fulvus,AR,67
Lemuridae,Eulemur,Black_Lemur,Eulemur_macaco,Eulemur_macaco,AR,636
Lemuridae,Eulemur,Mongoose_Lemur,Eulemur_mongoz,Eulemur_mongoz,AR,638
Lemuridae,Eulemur,Red_bellied_Lemur,Eulemur_rubriventer,Eulemur_rubriventer,AR,639
Lemuridae,Eulemur,Red_fronted_Brown_Lemur,Eulemur_rufifrons,Eulemur_rufifrons,AR,729
Lemuridae,Eulemur,Rufous_Brown_Lemur,Eulemur_rufus,Eulemur_rufus,AR,641
Lemuridae,Eulemur,Sanford_s_Brown_Lemur,Eulemur_sanfordi,Eulemur_sanfordi,AR,628
Galagidae,Euoticus,Southern_Needle_clawed_Galago,Euoticus_elegantulus,Euoticus_elegantulus,AR,643
Galagidae,Euoticus,Northern_Needle_clawed_Galago,Euoticus_pallidus,Euoticus_pallidus,AR,1165
Galagidae,Galago,Somali_Lesser_Galago,Galago_gallarum,Galago_gallarum,AR,644
Galagidae,Galago,Spectacled_Lesser_Galago,Galago_matschiei,Galago_matschiei,AR,645
Galagidae,Galago,Southern_Lesser_Galago,Galago_moholi,Galago_moholi,AR,646
Galagidae,Galago,Northern_Lesser_Galago,Galago_senegalensis,Galago_senegalensis,AR,649
Galagidae,Galagoides,Kenya_Coast_Dwarf_Galago,Galagoides_cocos,NA,AR,651
Galagidae,Galagoides,Demidoff_s_Dwarf_Galago,Galagoides_demidovii,Galagoides_demidovii,AR,654
Galagidae,Galagoides,Angolan_Dwarf_Galago,NA,Galagoides_kumbirensis,NA,NA
Galagidae,Galagoides,Mozambique_Dwarf_Galago,Galagoides_granti,NA,AR,655
Galagidae,Galagoides,Mountain_Dwarf_Galago,Galagoides_orinus,NA,AR,655
Galagidae,Galagoides,Rondo_Dwarf_Galago,Galagoides_rondoensis,NA,AR,655
Galagidae,Galagoides,Thomas_s_Dwarf_Galago,Galagoides_thomasi,Galagoides_thomasi,AR,643
Galagidae,Galagoides,Tanzania_Coast_Dwarf_Galago,Galagoides_zanzibaricus,NA,AR,1177
Hominidae,Gorilla,Eastern_Gorilla,Gorilla_beringei,Gorilla_beringei,BOTH,657
Hominidae,Gorilla,Eastern_Gorilla,Gorilla_beringei,Gorilla_beringei,BOTH,658
Hominidae,Gorilla,Western_Gorilla,Gorilla_gorilla,Gorilla_gorilla,BOTH,661
Lemuridae,Hapalemur,Lac_Alaotra_Bamboo_Lemur,Hapalemur_alaotrensis,Hapalemur_alaotrensis,AR,665
Lemuridae,Hapalemur,Golden_Bamboo_Lemur,Hapalemur_aureus,Hapalemur_aureus,AR,667
Lemuridae,Hapalemur,Gray_Bamboo_Lemur,Hapalemur_griseus,Hapalemur_griseus,AR,667
Lemuridae,Hapalemur,Southern_Bamboo_Lemur,Hapalemur_meridionalis,Hapalemur_meridionalis,AR,671
Lemuridae,Hapalemur,Northern_Bamboo_Lemur,Hapalemur_occidentalis,Hapalemur_occidentalis,AR,672
Hylobatidae,Hoolock,Western_Hoolock_Gibbon,Hoolock_hoolock,Hoolock_hoolock,AR,809
Hylobatidae,Hoolock,Eastern_Hoolock_Gibbon,Hoolock_leuconedys,Hoolock_leuconedys,AR,809
Hylobatidae,Hoolock,Skywalker_Hoolock_Gibbon,NA,Hoolock_tianxing,NA,NA
Hylobatidae,Hylobates,Abbott_s_Gray_Gibbon,Hylobates_abbotti,Hylobates_abbotti,AR,676
Hylobatidae,Hylobates,Agile_Gibbon,Hylobates_agilis,Hylobates_agilis,AR,677
Hylobatidae,Hylobates,Bornean_White_bearded_Gibbon,Hylobates_albibarbis,Hylobates_albibarbis,AR,677
Hylobatidae,Hylobates,East_Bornean_Gray_Gibbon,Hylobates_funereus,Hylobates_funereus,AR,676
Hylobatidae,Hylobates,Kloss_s_Gibbon,Hylobates_klossii,Hylobates_klossii,AR,682
Hylobatidae,Hylobates,Lar_Gibbon,Hylobates_lar,Hylobates_lar,AR,685
Hylobatidae,Hylobates,Moloch_Gibbon,Hylobates_moloch,Hylobates_moloch,AR,1123
Hylobatidae,Hylobates,Müller_s_Gibbon,Hylobates_muelleri,Hylobates_muelleri,AR,676
Hylobatidae,Hylobates,Pileated_Gibbon,Hylobates_pileatus,Hylobates_pileatus,AR,1123
Indriidae,Indri,Indri,Indri_indri,Indri_indri,AR,694
Atelidae,Lagothrix,Gray_Woolly_Monkey,Lagothrix_cana,NA,AR,698
Atelidae,Lagothrix,Peruvian_Yellow_tailed_Woolly_Monkey,Lagothrix_flavicauda,Lagothrix_flavicauda,AR,696
Atelidae,Lagothrix,Humboldt_s_Woolly_Monkey,Lagothrix_lagothricha,Lagothrix_lagothricha,AR,698
Atelidae,Lagotrix,Colombian_Woolly_Monkey,Lagotrix_lugens,NA,AR,705
Atelidae,Lagothrix,Poeppig_s_Woolly_Monkey,Lagothrix_poeppigii,NA,AR,707
Lemuridae,Lemur,Ring_tailed_Lemur,Lemur_catta,Lemur_catta,BOTH,711
Callitrichidae,Leontocebus,Cruz_Lima’s_Saddle_back_Tamarin,Leontocebus_cruzlimai,Leontocebus_cruzlimai,AR,NA
Callitrichidae,Leontocebus,Spix_s_Saddle_back_Tamarin,Leontocebus_fuscicollis,Leontocebus_fuscicollis,AR,713
Callitrichidae,Leontocebus,Lesson_s_Saddle_back_Tamarin,Leontocebus_fuscus,Leontocebus_fuscus,AR,1158
Callitrichidae,Leontocebus,Illiger_s_Saddle_back_Tamarin,Leontocebus_illigeri,Leontocebus_illigeri,AR,715
Callitrichidae,Leontocebus,Red_mantled_Saddle_back_Tamarin,Leontocebus_lagonotus,Leontocebus_lagonotus,AR,1158
Callitrichidae,Leontocebus,Andean_Saddle_back_Tamarin,Leontocebus_leucogenys,Leontocebus_leucogenys,AR,472
Callitrichidae,Leontocebus,Black_mantled_tamarin,Leontocebus_nigricollis,Leontocebus_nigricollis,AR,1158
Callitrichidae,Leontocebus,Geoffroy_s_Saddle_back_Tamarin,Leontocebus_nigrifrons,Leontocebus_nigrifrons,AR,1158
Callitrichidae,Leontocebus,Golden_mantled_Saddle_back_Tamarin,Leontocebus_tripartitus,Leontocebus_tripartitus,AR,73
Callitrichidae,Leontocebus,Weddell’s_Saddle_back_Tamarin,Leontocebus_weddelli,Leontocebus_weddelli,AR,718
Callitrichidae,Leontopithecus,Black_faced_Lion_Tamarin,Leontopithecus_caissara,Leontopithecus_caissara,AR,719
Callitrichidae,Leontopithecus,Golden_headed_Lion_Tamarin,Leontopithecus_chrysomelas,Leontopithecus_chrysomelas,AR,721
Callitrichidae,Leontopithecus,Black_Lion_Tamarin,Leontopithecus_chrysopygus,Leontopithecus_chrysopygus,AR,75
Callitrichidae,Leontopithecus,Golden_Lion_Tamarin,Leontopithecus_rosalia,Leontopithecus_rosalia,AR,724
Lepilemuridae,Lepilemur,Antafia_Sportive_Lemur,Lepilemur_aeeclis,Lepilemur_aeeclis,AR,439
Lepilemuridae,Lepilemur,Tsiombikibo_Sportive_Lemur,Lepilemur_ahmansonorum,Lepilemur_ahmansonorum,AR,270
Lepilemuridae,Lepilemur,Ankarana_Sportive_Lemur,Lepilemur_ankaranensis,Lepilemur_ankaranensis,AR,439
Lepilemuridae,Lepilemur,Betsileo_Sportive_Lemur,Lepilemur_betsileo,Lepilemur_betsileo,AR,439
Lepilemuridae,Lepilemur,Gray_s_Sportive_Lemur,Lepilemur_dorsalis,Lepilemur_dorsalis,AR,439
Lepilemuridae,Lepilemur,Milne_Edwards_s_Sportive_Lemur,Lepilemur_edwardsi,Lepilemur_edwardsi,AR,1178
Lepilemuridae,Lepilemur,Andohahela_Sportive_Lemur,Lepilemur_fleuretae,Lepilemur_fleuretae,AR,439
Lepilemuridae,Lepilemur,Anjiamangirana_Sportive_Lemur,Lepilemur_grewcockorum,Lepilemur_grewcockorum,AR,730
Lepilemuridae,Lepilemur,Mananara_Nord_Sportive_Lemur,Lepilemur_hollandorum,Lepilemur_hollandorum,AR,439
Lepilemuridae,Lepilemur,Zombitse_Sportive_Lemur,Lepilemur_hubbardi,Lepilemur_hubbardi,AR,732
Lepilemuridae,Lepilemur,Manombo_Sportive_Lemur,Lepilemur_jamesorum,Lepilemur_jamesorum,AR,270
Lepilemuridae,Lepilemur,White_footed_Sportive_Lemur,Lepilemur_leucopus,Lepilemur_leucopus,AR,733
Lepilemuridae,Lepilemur,Small_toothed_Sportive_Lemur,Lepilemur_microdon,Lepilemur_microdon,AR,734
Lepilemuridae,Lepilemur,Daraina_Sportive_Lemur,Lepilemur_milanoii,Lepilemur_milanoii,AR,270
Lepilemuridae,Lepilemur,Mittermeier_s_Sportive_Lemur,Lepilemur_mittermeieri,Lepilemur_mittermeieri,AR,439
Lepilemuridae,Lepilemur,Weasel_Sportive_Lemur,Lepilemur_mustelinus,Lepilemur_mustelinus,AR,77
Lepilemuridae,Lepilemur,Ambodimahabibo_Sportive_Lemur,Lepilemur_otto,Lepilemur_otto,AR,735
Lepilemuridae,Lepilemur,Petter_s_Sportive_Lemur,Lepilemur_petteri,Lepilemur_petteri,AR,270
Lepilemuridae,Lepilemur,Bemaraha_Sportive_Lemur,Lepilemur_randrianasoloi,Lepilemur_randrianasoloi,AR,439
Lepilemuridae,Lepilemur,Red_tailed_Sportive_Lemur,Lepilemur_ruficaudatus,Lepilemur_ruficaudatus,AR,1178
Lepilemuridae,Lepilemur,Sahamalaza_Sportive_Lemur,Lepilemur_sahamalazensis,Lepilemur_sahamalazensis,AR,738
Lepilemuridae,Lepilemur,Masoala_Sportive_Lemur,Lepilemur_scottorum,Lepilemur_scottorum,AR,740
Lepilemuridae,Lepilemur,Seal_s_Sportive_Lemur,Lepilemur_seali,Lepilemur_seali,AR,270
Lepilemuridae,Lepilemur,Sahafary_Sportive_Lemur,Lepilemur_septentrionalis,Lepilemur_septentrionalis,AR,1178
Lepilemuridae,Lepilemur,Nosy_Be_Sportive_Lemur,Lepilemur_tymerlachsoni,Lepilemur_tymerlachsoni,AR,270
Lepilemuridae,Lepilemur,Wright_s_Sportive_Lemur,Lepilemur_wrightae,Lepilemur_wrightae,AR,741
Cercopithecidae,Lophocebus,Gray_cheeked_Mangabey,Lophocebus_albigena,Lophocebus_albigena,AR,520
Cercopithecidae,Lophocebus,Northern_Black_Crested_Mangabey,Lophocebus_aterrimus,Lophocebus_aterrimus,AR,246
Cercopithecidae,Lophocebus,Johnston_s_Mangabey,Lophocebus_johnstoni,NA,AR,895
Cercopithecidae,Lophocebus,Southern_Back_Crested_Mangabey,Lophocebus_opdenboschi,NA,AR,531
Cercopithecidae,Lophocebus,Rusty_mantled_Mangabey,Lophocebus_osmani,NA,AR,895
Cercopithecidae,Lophocebus,Ugandan_Crested_Mangabey,Lophocebus_ugandae,NA,AR,895
Lorisidae,Loris,Gray_Slender_Loris,Loris_lydekkerianus,Loris_lydekkerianus,AR,1159
Lorisidae,Loris,Gray_Slender_Loris,Loris_lydekkerianus,Loris_lydekkerianus,BOTH,745
Lorisidae,Loris,Red_Slender_Loris,Loris_tardigradus,Loris_tardigradus,AR,749
Cercopithecidae,Macaca,Stump_tailed_Macaque,Macaca_arctoides,Macaca_arctoides,T,1160
Cercopithecidae,Macaca,Stump_tailed_Macaque,Macaca_arctoides,Macaca_arctoides,BOTH,327
Cercopithecidae,Macaca,Assamese_Macaque,Macaca_assamensis,Macaca_assamensis,AR,752
Cercopithecidae,Macaca,Taiwanese_Macaque,Macaca_cyclopis,Macaca_cyclopis,BOTH,753
Cercopithecidae,Macaca,Long_tailed_Macaque,Macaca_fascicularis,Macaca_fascicularis,AR,1160
Cercopithecidae,Macaca,Long_tailed_Macaque,Macaca_fascicularis,Macaca_fascicularis,BOTH,755
Cercopithecidae,Macaca,Japanese_Macaque,Macaca_fuscata,Macaca_fuscata,BOTH,1160
Cercopithecidae,Macaca,Japanese_Macaque,Macaca_fuscata,Macaca_fuscata,AR,759
Cercopithecidae,Macaca,Heck_s_Macaque,Macaca_hecki,Macaca_hecki,AR,763
Cercopithecidae,Macaca,Northern_Pig_tailed_Macaque,Macaca_leonina,Macaca_leonina,AR,915
Cercopithecidae,Macaca,Northern_Pig_tailed_Macaque,Macaca_leonina,Macaca_leonina,BOTH,764
Cercopithecidae,Macaca,White_cheeked_Macaque,Macaca_leucogenys,Macaca_leucogenys,NA,NA
Cercopithecidae,Macaca,Moor_Macaque,Macaca_maura,Macaca_maura,BOTH,765
Cercopithecidae,Macaca,Rhesus_Macaque,Macaca_mulatta,Macaca_mulatta,BOTH,768
Cercopithecidae,Macaca,Arunachal_Macaque,Macaca_munzala,Macaca_munzala,T,1160
Cercopithecidae,Macaca,Arunachal_Macaque,Macaca_munzala,Macaca_munzala,BOTH,771
Cercopithecidae,Macaca,Sunda_Pig_tailed_Macaque,Macaca_nemestrina,Macaca_nemestrina,T,915
Cercopithecidae,Macaca,Sunda_Pig_tailed_Macaque,Macaca_nemestrina,Macaca_nemestrina,BOTH,772
Cercopithecidae,Macaca,Crested_Macaque,Macaca_nigra,Macaca_nigra,T,774
Cercopithecidae,Macaca,Gorontalo_Macaque,Macaca_nigrescens,Macaca_nigrescens,AR,775
Cercopithecidae,Macaca,Booted_Macaque,Macaca_ochreata,Macaca_ochreata,BOTH,776
Cercopithecidae,Macaca,Pagai_Macaque,Macaca_pagensis,Macaca_pagensis,BOTH,915
Cercopithecidae,Macaca,Pagai_Macaque,Macaca_pagensis,Macaca_pagensis,AR,778
Cercopithecidae,Macaca,Bonnet_Macaque,Macaca_radiata,Macaca_radiata,BOTH,302
Cercopithecidae,Macaca,Siberut_Macaque,Macaca_siberu,Macaca_siberu,T,915
Cercopithecidae,Macaca,Siberut_Macaque,Macaca_siberu,Macaca_siberu,AR,237
Cercopithecidae,Macaca,Lion_tailed_Macaque,Macaca_silenus,Macaca_silenus,AR,783
Cercopithecidae,Macaca,Toque_Macaque,Macaca_sinica,Macaca_sinica,AR,786
Cercopithecidae,Macaca,Barbary_Macaque,Macaca_sylvanus,Macaca_sylvanus,BOTH,1161
Cercopithecidae,Macaca,Barbary_Macaque,Macaca_sylvanus,Macaca_sylvanus,T,788
Cercopithecidae,Macaca,Tibetan_Macaque,Macaca_thibetana,Macaca_thibetana,T,792
Cercopithecidae,Macaca,Tonkean_Macaque,Macaca_tonkeana,Macaca_tonkeana,BOTH,915
Cercopithecidae,Macaca,Tonkean_Macaque,Macaca_tonkeana,Macaca_tonkeana,AR,763
Cercopithecidae,Mandrillus,Drill,Mandrillus_leucophaeus,Mandrillus_leucophaeus,BOTH,795
Cercopithecidae,Mandrillus,Mandrill,Mandrillus_sphinx,Mandrillus_sphinx,T,797
Callitrichidae,Mico,Rio_Acarí_Marmoset,Mico_acariensis,Mico_acariensis,AR,147
Callitrichidae,Mico,Silvery_Marmoset,Mico_argentatus,Mico_argentatus,AR,801
Callitrichidae,Mico,Golden_white_Tassel_ear_Marmoset,Mico_chrysoleucos,Mico_chrysoleucos,AR,147
Callitrichidae,Mico,Snethlage_s_Marmoset,Mico_emiliae,Mico_emiliae,AR,472
Callitrichidae,Mico,Santarém_Marmoset,Mico_humeralifer,Mico_humeralifer,AR,147
Callitrichidae,Mico,Black_crowned_Dwarf_Marmoset,NA,Mico_humilis,NA,NA
Callitrichidae,Mico,Rio_Aripuanã_Marmoset,Mico_intermedius,Mico_intermedius,AR,89
Callitrichidae,Mico,Golden_white_Bare_ear_Marmoset,Mico_leucippe,Mico_leucippe,AR,807
Callitrichidae,Mico,Marca_s_Marmoset,Mico_marcai,Mico_marcai,AR,147
Callitrichidae,Mico,Maués_Marmoset,Mico_mauesi,Mico_mauesi,AR,147
Callitrichidae,Mico,Black_tailed_Marmoset,Mico_melanurus,Mico_melanurus,AR,485
Callitrichidae,Mico,Black_headed_Marmoset,Mico_nigriceps,Mico_nigriceps,AR,811
Callitrichidae,Mico,Rondon_s_Marmoset,Mico_rondoni,Mico_rondoni,AR,808
Callitrichidae,Mico,Sateré_Marmoset,Mico_saterei,Mico_saterei,AR,147
Cheirogaleidae,Microcebus,Montagne_d_Ambre_Mouse_Lemur,Microcebus_arnholdi,Microcebus_arnholdi,AR,1162
Cheirogaleidae,Microcebus,Madame_Berthe_s_Mouse_Lemur,Microcebus_berthae,Microcebus_berthae,AR,279
Cheirogaleidae,Microcebus,Bongolava_Mouse_Lemur,Microcebus_bongolavensis,Microcebus_bongolavensis,AR,815
Cheirogaleidae,Microcebus, Nosy_Boraha_Mouse_Lemur,NA,Microcebus_boraha,NA,NA
Cheirogaleidae,Microcebus,Ambarijeby_Mouse_Lemur,Microcebus_danfossi,Microcebus_danfossi,AR,731
Cheirogaleidae,Microcebus,Ganzhorn's_Mouse_Lemur,NA,Microcebus_ganzhorni,NA,NA
Cheirogaleidae,Microcebus,Gerp_s_Mouse_Lemur,Microcebus_gerpi,Microcebus_gerpi,AR,219
Cheirogaleidae,Microcebus,Gray_brown_Mouse_Lemur,Microcebus_griseorufus,Microcebus_griseorufus,AR,354
Cheirogaleidae,Microcebus,Jolly_s_Mouse_Lemur,Microcebus_jollyae,Microcebus_jollyae,AR,816
Cheirogaleidae,Microcebus,Goodman_s_Mouse_Lemur,Microcebus_lehilahytsara,Microcebus_lehilahytsara,AR,817
Cheirogaleidae,Microcebus,Anjiahely_Mouse_Lemur,Microcebus_macarthurii,Microcebus_macarthurii,AR,272
Cheirogaleidae,Microcebus,Nosy_Be_Mouse_Lemur,Microcebus_mamiratra,Microcebus_mamiratra,AR,818
Cheirogaleidae,Microcebus,Bemanasy_Mouse_Lemur,NA,Microcebus_manitatra,NA,NA
Cheirogaleidae,Microcebus,Margot_Marsh_s_Mouse_Lemur,Microcebus_margotmarshae,Microcebus_margotmarshae,AR,266
Cheirogaleidae,Microcebus,Marohita_Mouse_Lemur,Microcebus_marohita,Microcebus_marohita,NA,NA
Cheirogaleidae,Microcebus,Mittermeier_s_Mouse_Lemur,Microcebus_mittermeieri,Microcebus_mittermeieri,AR,816
Cheirogaleidae,Microcebus,Gray_Mouse_Lemur,Microcebus_murinus,Microcebus_murinus,AR,820
Cheirogaleidae,Microcebus,Peters_s_Mouse_Lemur,Microcebus_myoxinus,Microcebus_myoxinus,AR,822
Cheirogaleidae,Microcebus,Golden_brown_Mouse_Lemur,Microcebus_ravelobensis,Microcebus_ravelobensis,AR,823
Cheirogaleidae,Microcebus,Rufous_Mouse_Lemur,Microcebus_rufus,Microcebus_rufus,AR,820
Cheirogaleidae,Microcebus,Sambirano_Mouse_Lemur,Microcebus_sambiranensis,Microcebus_sambiranensis,AR,221
Cheirogaleidae,Microcebus,Simmons_s_Mouse_Lemur,Microcebus_simmonsi,Microcebus_simmonsi,AR,816
Cheirogaleidae,Microcebus,Anosi_Mouse_lemur,Microcebus_tanosi,Microcebus_tanosi,NA,NA
Cheirogaleidae,Microcebus,Tavaratra_Mouse_Lemur,Microcebus_tavaratra,Microcebus_tavaratra,AR,221
Cercopithecidae,Miopithecus,Northern_Talapoin_Monkey,Miopithecus_ogouensis,Miopithecus_ogouensis,BOTH,827
Cercopithecidae,Miopithecus,Northern_Talapoin_Monkey,Miopithecus_ogouensis,Miopithecus_ogouensis,BOTH,828
Cercopithecidae,Miopithecus,Southern_Talapoin_Monkey,Miopithecus_talapoin,Miopithecus_talapoin,BOTH,827
Cercopithecidae,Miopithecus,Southern_Talapoin_Monkey,Miopithecus_talapoin,Miopithecus_talapoin,BOTH,831
Cheirogaleidae,Mirza,Coquerel_s_Giant_Mouse_Lemur,Mirza_coquereli,Mirza_coquereli,AR,833
Cheirogaleidae,Mirza,Northern_Giant_Mouse_Lemur,Mirza_zaza,Mirza_zaza,AR,817
Cercopithecidae,Nasalis,Proboscis_Monkey,Nasalis_larvatus,Nasalis_larvatus,AR,835
Hylobatidae,Nomascus,Northern_Yellow_cheeked_Crested_Gibbon,Nomascus_annamensis,Nomascus_annamensis,AR,1082
Hylobatidae,Nomascus,Western_Black_Crested_Gibbon,Nomascus_concolor,Nomascus_concolor,AR,838
Hylobatidae,Nomascus,Southern_Yellow_cheeked_Crested_Gibbon,Nomascus_gabriellae,Nomascus_gabriellae,AR,840
Hylobatidae,Nomascus,Hainan_Crested_Gibbon,Nomascus_hainanus,Nomascus_hainanus,AR,1082
Hylobatidae,Nomascus,Northern_White_cheeked_Crested_Gibbon,Nomascus_leucogenys,Nomascus_leucogenys,AR,842
Hylobatidae,Nomascus,Eastern_Black_Crested_Gibbon,Nomascus_nasutus,Nomascus_nasutus,AR,1082
Hylobatidae,Nomascus,Southern_White_cheeked_Crested_Gibbon,Nomascus_siki,Nomascus_siki,AR,842
Lorisidae,Nycticebus,Bangka_Slow_Loris,Nycticebus_bancanus,Nycticebus_bancanus,AR,1164
Lorisidae,Nycticebus,Bengal_Slow_Loris,Nycticebus_bengalensis,Nycticebus_bengalensis,AR,845
Lorisidae,Nycticebus,Bornean_Slow_Loris,Nycticebus_borneanus,Nycticebus_borneanus,AR,1164
Lorisidae,Nycticebus,Sunda_Slow_Loris,Nycticebus_coucang,Nycticebus_coucang,AR,847
Lorisidae,Nycticebus,Javan_Slow_Loris,Nycticebus_javanicus,Nycticebus_javanicus,AR,848
Lorisidae,Nycticebus,Kayan_River_Slow_Loris,Nycticebus_kayan,Nycticebus_kayan,AR,1164
Lorisidae,Nycticebus,Philippine_Slow_Loris,Nycticebus_menagensis,Nycticebus_menagensis,AR,848
Lorisidae,Nycticebus,Pygmy_Slow_Loris,Nycticebus_pygmaeus,Nycticebus_pygmaeus,AR,849
Galagidae,Otolemur,Thick_tailed_Greater_Galago,Otolemur_crassicaudatus,Otolemur_crassicaudatus,AR,851
Galagidae,Otolemur,Garnett_s_Greater_Galago,Otolemur_garnettii,Otolemur_garnettii,AR,652
Hominidae,Pan,Bonobo,Pan_paniscus,Pan_paniscus,BOTH,853
Hominidae,Pan,Chimpanzee,Pan_troglodytes,Pan_troglodytes,BOTH,855
Cercopithecidae,Papio,Olive_Baboon,Papio_anubis,Papio_anubis,T,865
Cercopithecidae,Papio,Olive_Baboon,Papio_anubis,Papio_anubis,BOTH,860
Cercopithecidae,Papio,Yellow_Baboon,Papio_cynocephalus,Papio_cynocephalus,T,865
Cercopithecidae,Papio,Yellow_Baboon,Papio_cynocephalus,Papio_cynocephalus,AR,866
Cercopithecidae,Papio,Hamadryas_Baboon,Papio_hamadryas,Papio_hamadryas,T,868
Cercopithecidae,Papio,Kinda_Baboon,Papio_kindae,Papio_kindae,T,871
Cercopithecidae,Papio,Guinea_Baboon,Papio_papio,Papio_papio,T,865
Cercopithecidae,Papio,Guinea_Baboon,Papio_papio,Papio_papio,BOTH,872
Cercopithecidae,Papio,Chacma_Baboon,Papio_ursinus,Papio_ursinus,T,875
Galagidae,Paragalago,Kenya_Coast_Dwarf_Galago,NA,Paragalago_cocos,NA,NA
Galagidae,Paragalago,Mozambique_Dwarf_Galago,NA,Paragalago _granti,NA,NA
Galagidae,Paragalago,Mountain_Dwarf_Galago,NA,Paragalago_orinus,NA,NA
Galagidae,Paragalago,Rondo_Dwarf_Galago,NA,Paragalago_rondoensis,NA,NA
Galagidae,Paragalago,Tanzania_Coast_Dwarf_Galago,NA,Paragalago_zanzibaricus,NA,NA
Lorisidae,Perodicticus,Milne_Edwards_s_Potto,Perodicticus_edwardsi,Perodicticus_edwardsi,AR,879
Lorisidae,Perodicticus,East_African_Potto,Perodicticus_ibeanus,Perodicticus_ibeanus,AR,882
Lorisidae,Perodicticus,West_African_Potto,Perodicticus_potto,Perodicticus_potto,AR,879
Cheirogaleidae,Phaner,Montagne_D__Ambre_Fork_marked_Lemur,Phaner_electromontis,Phaner_electromontis,AR,1157
Cheirogaleidae,Phaner,Masoala_Fork_marked_Lemur,Phaner_furcifer,Phaner_furcifer,AR,439
Cheirogaleidae,Phaner,Pale_Fork_marked_Lemur,Phaner_pallescens,Phaner_pallescens,AR,883
Cheirogaleidae,Phaner,Sambirano_Fork_marked_Lemur,Phaner_parienti,Phaner_parienti,AR,1157
Cercopithecidae,Piliocolobus,Upper_Guinea_Red_Colobus,Piliocolobus_badius,Piliocolobus_badius,AR,611
Cercopithecidae,Piliocolobus,Bouvier_s_Red_Colobus,Piliocolobus_bouvieri,Piliocolobus_bouvieri,AR,887
Cercopithecidae,Piliocolobus,Niger_Delta_Red_Colobus,Piliocolobus_epieni,Piliocolobus_epieni,AR,888
Cercopithecidae,Piliocolobus,Foa_s_Red_Colobus,Piliocolobus_foai,Piliocolobus_foai,AR,890
Cercopithecidae,Piliocolobus,Udzungwa_Red_Colobus,Piliocolobus_gordonorum,Piliocolobus_gordonorum,AR,891
Cercopithecidae,Piliocolobus,Zanzibar_Red_Colobus,Piliocolobus_kirkii,Piliocolobus_kirkii,AR,893
Cercopithecidae,Piliocolobus,Lang_s_Red_Colobus,Piliocolobus_langi,Piliocolobus_langi,AR,890
Cercopithecidae,Piliocolobus,NA,NA,Piliocolobus_lulindicus,NA,NA
Cercopithecidae,Piliocolobus,Oustalet_s_Red_Colobus,Piliocolobus_oustaleti,Piliocolobus_oustaleti,AR,896
Cercopithecidae,Piliocolobus,Lomami_Red_Colobus,Piliocolobus_parmentieri,Piliocolobus_parmentieri,AR,897
Cercopithecidae,Piliocolobus,Pennant_s_Red_Colobus,Piliocolobus_pennantii_,Piliocolobus_pennantii_,AR,897
Cercopithecidae,Piliocolobus,Preuss_s_Red_Colobus,Piliocolobus_preussi,Piliocolobus_preussi,AR,898
Cercopithecidae,Piliocolobus,Tana_River_Red_Colobus,Piliocolobus_rufomitratus,Piliocolobus_rufomitratus,AR,900
Cercopithecidae,Piliocolobus,Semliki_Red_Colobus,Piliocolobus_semlikiensis,Piliocolobus_semlikiensis,AR,902
Cercopithecidae,Piliocolobus,Temminick_s_Red_Colobus,Piliocolobus_temminckii,NA,AR,910
Cercopithecidae,Piliocolobus,Temminick_s_Red_Colobus,Piliocolobus_temminckii,NA,BOTH,248
Cercopithecidae,Piliocolobus,Ashy_Red_Colobus,Piliocolobus_tephrosceles,Piliocolobus_tephrosceles,AR,904
Cercopithecidae,Piliocolobus,Tshuapa_Red_Colobus,Piliocolobus_tholloni,Piliocolobus_tholloni,AR,908
Cercopithecidae,Piliocolobus,Miss_Waldron_s_Red_Colobus,Piliocolobus_waldronae,Piliocolobus_waldronae,AR,910
Pitheciidae,Pithecia,Equatorial_Saki,Pithecia_aequatorialis,Pithecia_aequatorialis,AR,911
Pitheciidae,Pithecia,Buffy_Saki,Pithecia_albicans,Pithecia_albicans,AR,912
Pitheciidae,Pithecia,Cazuza_s_Saki,Pithecia_cazuzai,Pithecia_cazuzai,AR,461
Pitheciidae,Pithecia,Golden_faced_Saki,Pithecia_chrysocephala,Pithecia_chrysocephala,AR,461
Pitheciidae,Pithecia,Hairy_Saki,Pithecia_hirsuta,Pithecia_hirsuta,AR,461
Pitheciidae,Pithecia,Burnished_Saki,Pithecia_inusta,Pithecia_inusta,AR,461
Pitheciidae,Pithecia,Gray_s_Bald_faced_Saki,Pithecia_irrorata,Pithecia_irrorata,AR,914
Pitheciidae,Pithecia,Isabel_s_Saki,Pithecia_isabela,Pithecia_isabela,AR,461
Pitheciidae,Pithecia,Miller_s_Saki,Pithecia_milleri,Pithecia_milleri,AR,461
Pitheciidae,Pithecia,Mittermeier_s_Tapajós_Saki,Pithecia_mittermeieri,Pithecia_mittermeieri,AR,461
Pitheciidae,Pithecia,Monk_Saki,Pithecia_monachus,Pithecia_monachus,AR,461
Pitheciidae,Pithecia,Napo_Saki,Pithecia_napensis,Pithecia_napensis,AR,916
Pitheciidae,Pithecia,Pissinatti_s_Bald_faced_Saki,Pithecia_pissinattii,Pithecia_pissinattii,AR,461
Pitheciidae,Pithecia,White_faced_saki,Pithecia_pithecia,Pithecia_pithecia,AR,917
Pitheciidae,Pithecia,Rylands__Bald_faced_Saki,Pithecia_rylandsi,Pithecia_rylandsi,AR,461
Pitheciidae,Pithecia,Vanzolini’s_Bald_faced_Saki,Pithecia_vanzolinii,Pithecia_vanzolinii,AR,461
Pitheciidae,Plecturocebus,Madidi_Titi,Plecturocebus_aureipalatii,Plecturocebus_aureipalatii,AR,921
Pitheciidae,Plecturocebus,Lake_Baptista_Titi,Plecturocebus_baptista,Plecturocebus_baptista,AR,461
Pitheciidae,Plecturocebus,Prince_Bernhard_s_Titi,Plecturocebus_bernhardi,Plecturocebus_bernhardi,AR,461
Pitheciidae,Plecturocebus,Brown_Titi,Plecturocebus_brunneus,Plecturocebus_brunneus,AR,461
Pitheciidae,Plecturocebus,Chestnut_bellied_Titi,Plecturocebus_caligatus,Plecturocebus_caligatus,AR,461
Pitheciidae,Plecturocebus,Caquetá_Titi,Plecturocebus_caquetensis,Plecturocebus_caquetensis,AR,925
Pitheciidae,Plecturocebus,Ashy_Titi,Plecturocebus_cinerascens,Plecturocebus_cinerascens,AR,461
Pitheciidae,Plecturocebus,Coppery_Titi,Plecturocebus_cupreus,Plecturocebus_cupreus,AR,148
Pitheciidae,Plecturocebus,Red_crowned_Titi,Plecturocebus_discolor,Plecturocebus_discolor,AR,929
Pitheciidae,Plecturocebus,White_eared_Titi,Plecturocebus_donacophilus,Plecturocebus_donacophilus,AR,251
Pitheciidae,Plecturocebus,Hoffmann_s_Titi,Plecturocebus_hoffmannsi,Plecturocebus_hoffmannsi,AR,461
Pitheciidae,Plecturocebus,Milton´s_titi_monkey,Plecturocebus_miltoni,Plecturocebus_miltoni,AR,461
Pitheciidae,Plecturocebus,Rio_Beni_Titi,Plecturocebus_modestus,Plecturocebus_modestus,AR,149
Pitheciidae,Plecturocebus,Red_bellied_Titi,Plecturocebus_moloch,Plecturocebus_moloch,AR,461
Pitheciidae,Plecturocebus,San_Martín_Titi,Plecturocebus_oenanthe,Plecturocebus_oenanthe,AR,931
Pitheciidae,Plecturocebus,Olalla_s_Titi,Plecturocebus_olallae,Plecturocebus_olallae,AR,251
Pitheciidae,Plecturocebus,Ornate_Titi,Plecturocebus_ornatus,Plecturocebus_ornatus,AR,933
Pitheciidae,Plecturocebus,Pale_Titi,Plecturocebus_pallescens,Plecturocebus_pallescens,AR,935
Pitheciidae,Plecturocebus,Stephen_Nash_s_Titi,Plecturocebus_stephennashi,Plecturocebus_stephennashi,AR,1139
Pitheciidae,Plecturocebus,Toppin’s_Titi,Plecturocebus_toppini,Plecturocebus_toppini,AR,NA
Pitheciidae,Plecturocebus,Urubamba_Brown_Titi,Plecturocebus_urubambensis,Plecturocebus_urubambensis,AR,461
Pitheciidae,Plecturocebus,Vieira_s_Titi,Plecturocebus_vieirai,Plecturocebus_vieirai,AR,1167
Hominidae,Pongo,Sumatran_Orangutan,Pongo_abelii,Pongo_abelii,AR,937
Hominidae,Pongo,Bornean_Orangutan,Pongo_pygmaeus,Pongo_pygmaeus,AR,938
Hominidae,Pongo,Tapanuli_Orangutan,NA,Pongo_tapanuliensis,NA,NA
Cercopithecidae,Presbytis,Black_and_white_Langur,Presbytis_bicolor,Presbytis_bicolor,AR,1087
Cercopithecidae,Presbytis,Miller_s_Langur,Presbytis_canicrus,Presbytis_canicrus,AR,939
Cercopithecidae,Presbytis,Cross_marked_Langur,Presbytis_chrysomelas,Presbytis_chrysomelas,AR,941
Cercopithecidae,Presbytis,Javan_Langur,Presbytis_comata,Presbytis_comata,AR,944
Cercopithecidae,Presbytis,Banded_Langur,Presbytis_femoralis,Presbytis_femoralis,AR,946
Cercopithecidae,Presbytis,White_fronted_Langur,Presbytis_frontata,Presbytis_frontata,AR,947
Cercopithecidae,Presbytis,Hose_s_Langur,Presbytis_hosei,Presbytis_hosei,AR,948
Cercopithecidae,Presbytis,Black_crested_Sumatran_Langur,Presbytis_melalophos,Presbytis_melalophos,AR,1087
Cercopithecidae,Presbytis,Mitered_Langur,Presbytis_mitrata,Presbytis_mitrata,AR,1087
Cercopithecidae,Presbytis,Natuna_Islands_Langur,Presbytis_natunae,Presbytis_natunae,AR,951
Cercopithecidae,Presbytis,Mentawai_Langur,Presbytis_potenziani,Presbytis_potenziani,AR,1087
Cercopithecidae,Presbytis,Maroon_Langur,Presbytis_rubicunda,Presbytis_rubicunda,AR,952
Cercopithecidae,Presbytis,Sabah_Grizzled_Langur,Presbytis_sabana,Presbytis_sabana,AR,956
Cercopithecidae,Presbytis,Pale_thighed_Langur,Presbytis_siamensis,Presbytis_siamensis,AR,957
Cercopithecidae,Presbytis,Siberut_Langur,Presbytis_siberu,Presbytis_siberu,AR,958
Cercopithecidae,Presbytis,Black_Sumatran_Langur,Presbytis_sumatrana,Presbytis_sumatrana,AR,1087
Cercopithecidae,Presbytis,Thomas_s_Langur,Presbytis_thomasi,Presbytis_thomasi,AR,1087
Cercopithecidae,Procolobus,Olive_Colobus,Procolobus_verus,Procolobus_verus,AR,962
Lemuridae,Prolemur,Greater_Bamboo_Lemur,Prolemur_simus,Prolemur_simus,AR,667
Indriidae,Propithecus,Silky_Sifaka,Propithecus_candidus,Propithecus_candidus,AR,965
Indriidae,Propithecus,Coquerel_s_Sifaka,Propithecus_coquereli,Propithecus_coquereli,AR,968
Indriidae,Propithecus,Crowned_Sifaka,Propithecus_coronatus,Propithecus_coronatus,AR,694
Indriidae,Propithecus,Decken_s_Sifaka,Propithecus_deckenii,Propithecus_deckenii,AR,571
Indriidae,Propithecus,Diademed_Sifaka,Propithecus_diadema,Propithecus_diadema,AR,971
Indriidae,Propithecus,Milne_Edwards_s_Sifaka,Propithecus_edwardsi,Propithecus_edwardsi,AR,1169
Indriidae,Propithecus,Perrier_s_Sifaka,Propithecus_perrieri,Propithecus_perrieri,AR,975
Indriidae,Propithecus,Tattersall_s_Sifaka,Propithecus_tattersalli,Propithecus_tattersalli,AR,977
Indriidae,Propithecus,Verreaux_s_Sifaka,Propithecus_verreauxi,Propithecus_verreauxi,AR,979
Cercopithecidae,Pygathrix,Grey_shanked_Douc,Pygathrix_cinerea,Pygathrix_cinerea,AR,983
Cercopithecidae,Pygathrix,Red_shanked_Douc,Pygathrix_nemaeus,Pygathrix_nemaeus,AR,1169
Cercopithecidae,Pygathrix,Black_shanked_Douc,Pygathrix_nigripes,Pygathrix_nigripes,AR,986
Cercopithecidae,Rhinopithecus,Tonkin_Snub_nosed_Monkey,Rhinopithecus_avunculus,Rhinopithecus_avunculus,AR,988
Cercopithecidae,Rhinopithecus,Yunnan_Snub_nosed_Monkey,Rhinopithecus_bieti,Rhinopithecus_bieti,BOTH,989
Cercopithecidae,Rhinopithecus,Yunnan_Snub_nosed_Monkey,Rhinopithecus_bieti,Rhinopithecus_bieti,BOTH,990
Cercopithecidae,Rhinopithecus,Guizhou_Snub_nosed_Monkey,Rhinopithecus_brelichi,Rhinopithecus_brelichi,BOTH,1126
Cercopithecidae,Rhinopithecus,Golden_Snub_nosed_Monkey,Rhinopithecus_roxellana,Rhinopithecus_roxellana,BOTH,996
Cercopithecidae,Rhinopithecus,Stryker_s_Snub_nosed_Monkey,Rhinopithecus_strykeri,Rhinopithecus_strykeri,BOTH,1126
Cercopithecidae,Rungwecebus,Kipunji,Rungwecebus_kipunji,Rungwecebus_kipunji,AR,999
Callitrichidae,Saguinus,Pied_Tamarin,Saguinus_bicolor,Saguinus_bicolor,AR,1003
Callitrichidae,Saguinus,Geoffroy_s_Tamarin,Saguinus_geoffroyi,Saguinus_geoffroyi,AR,1006
Callitrichidae,Saguinus,Emperor_Tamarin,Saguinus_imperator,Saguinus_imperator,AR,718
Callitrichidae,Saguinus,Mottled_face_Tamarin,Saguinus_inustus,Saguinus_inustus,AR,1008
Callitrichidae,Saguinus,Red_bellied_Tamarin,Saguinus_labiatus,Saguinus_labiatus,AR,1009
Callitrichidae,Saguinus,White_footed_Tamarin,Saguinus_leucopus,Saguinus_leucopus,AR,158
Callitrichidae,Saguinus,Martin_s_Bare_faced_Tamarin,Saguinus_martinsi,Saguinus_martinsi,AR,472
Callitrichidae,Saguinus,Midas_Tamarin,Saguinus_midas,Saguinus_midas,AR,1003
Callitrichidae,Saguinus,Mustached_Tamarin,Saguinus_mystax,Saguinus_mystax,AR,472
Callitrichidae,Saguinus,Western_Black_handed_Tamarin,Saguinus_niger,Saguinus_niger,AR,472
Callitrichidae,Saguinus,Cotton_top_Tamarin,Saguinus_oedipus,Saguinus_oedipus,AR,1017
Callitrichidae,Saguinus,Eastern_Black_handed_Tamarin,Saguinus_ursulus,Saguinus_ursulus,AR,1005
Cebidae,Saimiri,Black_capped_Squirrel_Monkey,Saimiri_boliviensis,Saimiri_boliviensis,AR,1019
Cebidae,Saimiri,Humboldt_s_Squirrel_Monkey,Saimiri_cassiquiarensis,Saimiri_cassiquiarensis,AR,1005
Cebidae,Saimiri,Collins'_Squirrel_Monkey,NA,Saimiri_collinsi,NA,NA
Cebidae,Saimiri,Ecuadorian_Squirrel_Monkey,Saimiri_macrodon,Saimiri_macrodon,AR,1021
Cebidae,Saimiri,Central_American_Squirrel_Monkey,Saimiri_oerstedii,Saimiri_oerstedii,AR,1022
Cebidae,Saimiri,Guianan_Squirrel_Monkey,Saimiri_sciureus,Saimiri_sciureus,AR,919
Cebidae,Saimiri,Golden_backed_Squirrel_Monkey,Saimiri_ustus,Saimiri_ustus,AR,1026
Cebidae,Saimiri,Black_headed_Squirrel_Monkey,Saimiri_vanzolinii,Saimiri_vanzolinii,AR,1028
Cebidae,Sapajus,Guianan_Brown_Capuchin,Sapajus_apella,Sapajus_apella,AR,1029
Cebidae,Sapajus,Hooded_Capuchin,Sapajus_cay,Sapajus_cay,AR,1032
Cebidae,Sapajus,Blond_Capuchin,Sapajus_flavius,Sapajus_flavius,AR,150
Cebidae,Sapajus,Bearded_Capuchin,Sapajus_libidinosus,Sapajus_libidinosus,AR,1022
Cebidae,Sapajus,Large_headed_Capuchin,Sapajus_macrocephalus,Sapajus_macrocephalus,AR,151
Cebidae,Sapajus,Black_horned_Capuchin,Sapajus_nigritus,Sapajus_nigritus,AR,1037
Cebidae,Sapajus,Crested_Capuchin,Sapajus_robustus,Sapajus_robustus,AR,1040
Cebidae,Sapajus,Yellow_breasted_Capuchin,Sapajus_xanthosternos,Sapajus_xanthosternos,AR,1041
Galagidae,Sciurocheirus,Bioko_Squirrel_Galago,Sciurocheirus_alleni,Sciurocheirus_alleni,AR,1170
Galagidae,Sciurocheirus,Cross_River_Squirrel_Galago,Sciurocheirus_cameronensis,NA,AR,879
Galagidae,Sciurocheirus,Gabon_Squirrel_Galago,Sciurocheirus_gabonensis,Sciurocheirus_gabonensis,AR,1170
Galagidae,Sciurocheirus,Makandé_squirrel_galago,Sciurocheirus_makandensis,Sciurocheirus_makandensis,AR,1170
Cercopithecidae,Semnopithecus,Chamba_Sacred_Langur,Semnopithecus_ajax,Semnopithecus_ajax,T,1127
Cercopithecidae,Semnopithecus,Chamba_Sacred_Langur,Semnopithecus_ajax,Semnopithecus_ajax,AR,845
Cercopithecidae,Semnopithecus,Bengal_Sacred_Langur,Semnopithecus_entellus,Semnopithecus_entellus,T,1127
Cercopithecidae,Semnopithecus,Terai_Sacred_Langur,Semnopithecus_hector,Semnopithecus_hector,BOTH,845
Cercopithecidae,Semnopithecus,Malabar_Sacred_Langur,Semnopithecus_hypoleucos,Semnopithecus_hypoleucos,T,1127
Cercopithecidae,Semnopithecus,Malabar_Sacred_Langur,Semnopithecus_hypoleucos,Semnopithecus_hypoleucos,BOTH,845
Cercopithecidae,Semnopithecus,Nilgiri_Langur,Semnopithecus_johnii,Semnopithecus_johnii,AR,1045
Cercopithecidae,Semnopithecus,Tufted_Gray_Langur,Semnopithecus_priam,Semnopithecus_priam,T,1127
Cercopithecidae,Semnopithecus,Tufted_Gray_Langur,Semnopithecus_priam,Semnopithecus_priam,BOTH,845
Cercopithecidae,Semnopithecus,Nepal_Sacred_Langur,Semnopithecus_schistaceus,Semnopithecus_schistaceus,BOTH,845
Cercopithecidae,Semnopithecus,Purple_faced_Langur,Semnopithecus_vetulus,Semnopithecus_vetulus,AR,1127
Cercopithecidae,Simias,Pig_tailed_Langur,Simias_concolor,Simias_concolor,BOTH,1171
Cercopithecidae,Simias,Pig_tailed_Langur,Simias_concolor,Simias_concolor,AR,1052
Hylobatidae,Symphalangus,Siamang,Symphalangus_syndactylus,Symphalangus_syndactylus,AR,1054
Tarsiidae,Tarsius,Dian_s_Tarsier,Tarsius_dentatus,Tarsius_dentatus,AR,1057
Tarsiidae,Tarsius,Makassar_Tarsier,Tarsius_fuscus,Tarsius_fuscus,AR,1130
Tarsiidae,Tarsius,Lariang_Tarsier,Tarsius_lariang,Tarsius_lariang,AR,1059
Tarsiidae,Tarsius,Peleng_Tarsier,Tarsius_pelengensis,Tarsius_pelengensis,AR,1130
Tarsiidae,Tarsius,Sulawesi_Mountain_Tarsier,Tarsius_pumilus,Tarsius_pumilus,AR,1060
Tarsiidae,Tarsius,Great_Sangihe_Tarsier,Tarsius_sangirensis,Tarsius_sangirensis,AR,1061
Tarsiidae,Tarsius,Gursky's_Spectral_Tarsier ,NA,Tarsius_spectrumgurskyae,NA,NA
Tarsiidae,Tarsius,Jatna's_Tarsier,NA,Tarsius_supriatnai,NA,NA
Tarsiidae,Tarsius,Selayar_Tarsier,Tarsius_tarsier,Tarsius_tarsier,AR,1130
Tarsiidae,Tarsius,Siau_Island_Tarsier,Tarsius_tumpara,Tarsius_tumpara,AR,1130
Tarsiidae,Tarsius,Wallace_s_Tarsier,Tarsius_wallacei,Tarsius_wallacei,AR,1063
Cercopithecidae,Theropithecus,Gelada,Theropithecus_gelada,Theropithecus_gelada,T,1065
Cercopithecidae,Trachypithecus,East_Javan_Langur,Trachypithecus_auratus,Trachypithecus_auratus,AR,1068
Cercopithecidae,Trachypithecus,Tenasserim_Langur,Trachypithecus_barbei,Trachypithecus_barbei,NA,NA
Cercopithecidae,Trachypithecus,Indochinese_Gray_Langur,Trachypithecus_crepusculus,Trachypithecus_crepusculus,AR,1071
Cercopithecidae,Trachypithecus,Silvered_Langur,Trachypithecus_cristatus,Trachypithecus_cristatus,AR,1072
Cercopithecidae,Trachypithecus,Delacour_s_Langur,Trachypithecus_delacouri,Trachypithecus_delacouri,BOTH,1134
Cercopithecidae,Trachypithecus,Delacour_s_Langur,Trachypithecus_delacouri,Trachypithecus_delacouri,AR,1075
Cercopithecidae,Trachypithecus,Black_Langur,Trachypithecus_ebenus,Trachypithecus_ebenus,BOTH,1134
Cercopithecidae,Trachypithecus,Francois_s_Langur,Trachypithecus_francoisi,Trachypithecus_francoisi,BOTH,1134
Cercopithecidae,Trachypithecus,Francois_s_Langur,Trachypithecus_francoisi,Trachypithecus_francoisi,AR,1078
Cercopithecidae,Trachypithecus,Golden_Langur,Trachypithecus_geei,Trachypithecus_geei,AR,1080
Cercopithecidae,Trachypithecus,Germain_s_Langur,Trachypithecus_germaini,Trachypithecus_germaini,AR,1081
Cercopithecidae,Trachypithecus,Hatinh_Langur,Trachypithecus_hatinhensis,Trachypithecus_hatinhensis,BOTH,1134
Cercopithecidae,Trachypithecus,Hatinh_Langur,Trachypithecus_hatinhensis,Trachypithecus_hatinhensis,AR,1075
Cercopithecidae,Trachypithecus,Laos_Langur,Trachypithecus_laotum,Trachypithecus_laotum,BOTH,1134
Cercopithecidae,Trachypithecus,White_headed_Langur,Trachypithecus_leucocephalus,Trachypithecus_leucocephalus,BOTH,1084
Cercopithecidae,Trachypithecus,Annamese_Langur,Trachypithecus_margarita,Trachypithecus_margarita,AR,152
Cercopithecidae,Trachypithecus,West_Javan_Langur,Trachypithecus_mauritius,Trachypithecus_mauritius,AR,1088
Cercopithecidae,Trachypithecus,Dusky_Langur,Trachypithecus_obscurus,Trachypithecus_obscurus,AR,1089
Cercopithecidae,Trachypithecus,Phayre_s_Langur,Trachypithecus_phayrei,Trachypithecus_phayrei,AR,1091
Cercopithecidae,Trachypithecus,Capped_Langur,Trachypithecus_pileatus,Trachypithecus_pileatus,AR,1093
Cercopithecidae,Trachypithecus,Cat_Ba_Langur,Trachypithecus_poliocephalus,Trachypithecus_poliocephalus,BOTH,254
Cercopithecidae,Trachypithecus,Selangor_Silvery_Langur,Trachypithecus_selangorensis,Trachypithecus_selangorensis,AR,1095
Cercopithecidae,Trachypithecus,Shortridge_s_Langur,Trachypithecus_shortridgei,Trachypithecus_shortridgei,AR,435
Lemuridae,Varecia,Red_Ruffed_Lemur,Varecia_rubra,Varecia_rubra,AR,51
Lemuridae,Varecia,Black_and_white_Ruffed_Lemur,Varecia_variegata,Varecia_variegata,AR,1097
,,,,,,
,,,,,,
,,,,,,
,,,,,,
,,,,,,
,,,,,,
,,,,,,
,,,,,,
,,,,,,
,,,,,,
,,,,,,
,,,,,,
,,,,,,
,,,,,,
,,,,,,
,,,,,,
,,,,,,
,,,,,,
,,,,,,
,,,,,,
,,,,,,
,,,,,,
,,,,,,
,,,,,,
